ts,gpu,util,mem_used_mb,power_w,temp_c,sm_mhz
2026-07-30T03:23:10Z,0,99,31736,291.77,54,2812
2026-07-30T03:23:10Z,1,74,31854,329.31,57,2887
2026-07-30T03:23:10Z,2,0,1,14.29,34,210
2026-07-30T03:23:10Z,3,0,1,19.46,32,210
2026-07-30T03:23:10Z,4,0,29902,18.67,31,210
2026-07-30T03:23:10Z,5,0,29900,15.01,33,210
2026-07-30T03:23:10Z,6,0,4,11.75,38,210
2026-07-30T03:23:10Z,7,0,4,12.00,37,210
2026-07-30T03:23:14Z,0,99,31736,292.09,55,2812
2026-07-30T03:23:14Z,1,74,31854,330.51,58,2910
2026-07-30T03:23:14Z,2,0,1,14.65,34,210
2026-07-30T03:23:14Z,3,0,1,18.35,32,210
2026-07-30T03:23:14Z,4,0,29902,17.92,31,210
2026-07-30T03:23:14Z,5,0,29900,14.03,33,210
2026-07-30T03:23:14Z,6,0,4,11.93,38,210
2026-07-30T03:23:14Z,7,0,4,11.63,37,210
2026-07-30T03:23:15Z,0,99,31736,292.48,56,2812
2026-07-30T03:23:15Z,1,99,31854,335.88,53,2910
2026-07-30T03:23:15Z,2,0,1,13.09,34,210
2026-07-30T03:23:15Z,3,0,1,17.67,32,210
2026-07-30T03:23:15Z,4,0,29902,16.47,31,210
2026-07-30T03:23:15Z,5,0,29900,15.40,33,210
2026-07-30T03:23:15Z,6,0,1,11.29,38,210
2026-07-30T03:23:15Z,7,0,4,13.94,37,210
2026-07-30T03:23:17Z,0,99,31736,291.99,56,2812
2026-07-30T03:23:17Z,1,99,31854,332.18,55,2910
2026-07-30T03:23:17Z,2,0,1,13.24,34,210
2026-07-30T03:23:17Z,3,0,1,19.91,32,210
2026-07-30T03:23:17Z,4,0,29902,16.99,31,210
2026-07-30T03:23:17Z,5,0,29900,16.05,33,210
2026-07-30T03:23:17Z,6,0,1,13.92,38,210
2026-07-30T03:23:17Z,7,0,4,11.40,37,210
2026-07-30T03:23:19Z,0,99,31736,332.30,56,2812
2026-07-30T03:23:19Z,1,99,31854,334.78,55,2910
2026-07-30T03:23:19Z,2,0,1,14.45,34,210
2026-07-30T03:23:19Z,3,0,1,17.63,32,210
2026-07-30T03:23:19Z,4,0,29902,17.12,31,210
2026-07-30T03:23:19Z,5,0,29900,15.29,33,210
2026-07-30T03:23:19Z,6,0,1,12.66,38,210
2026-07-30T03:23:19Z,7,0,4,14.19,37,210
2026-07-30T03:23:20Z,0,99,31736,328.98,56,2812
2026-07-30T03:23:20Z,1,99,31854,352.11,55,2910
2026-07-30T03:23:20Z,2,0,1,14.16,34,210
2026-07-30T03:23:20Z,3,0,1,18.82,32,210
2026-07-30T03:23:20Z,4,0,29902,16.37,31,210
2026-07-30T03:23:20Z,5,0,29900,17.46,33,210
2026-07-30T03:23:20Z,6,0,1,11.49,38,210
2026-07-30T03:23:20Z,7,0,4,11.70,36,210
2026-07-30T03:23:22Z,0,99,31736,323.97,56,2820
2026-07-30T03:23:22Z,1,99,31854,370.40,55,2910
2026-07-30T03:23:22Z,2,0,1,15.08,34,210
2026-07-30T03:23:22Z,3,0,1,16.96,32,210
2026-07-30T03:23:22Z,4,0,29902,18.39,31,210
2026-07-30T03:23:22Z,5,0,29900,14.63,33,210
2026-07-30T03:23:22Z,6,0,1,11.61,38,210
2026-07-30T03:23:22Z,7,0,4,13.97,36,210
2026-07-30T03:23:24Z,0,99,31736,331.07,56,2775
2026-07-30T03:23:24Z,1,99,31854,368.29,55,2917
2026-07-30T03:23:24Z,2,0,1,12.55,34,210
2026-07-30T03:23:24Z,3,0,1,20.24,32,202
2026-07-30T03:23:24Z,4,0,29902,17.38,31,210
2026-07-30T03:23:24Z,5,0,29900,16.95,33,210
2026-07-30T03:23:24Z,6,0,1,11.66,38,210
2026-07-30T03:23:24Z,7,0,4,11.59,36,210
2026-07-30T03:23:25Z,0,100,31736,305.90,62,2797
2026-07-30T03:23:25Z,1,99,31854,369.48,56,2917
2026-07-30T03:23:25Z,2,0,1,15.45,34,210
2026-07-30T03:23:25Z,3,0,1,18.39,32,210
2026-07-30T03:23:25Z,4,0,29902,18.63,31,210
2026-07-30T03:23:25Z,5,0,29900,15.57,33,210
2026-07-30T03:23:25Z,6,0,1,11.96,38,210
2026-07-30T03:23:25Z,7,0,4,13.61,36,210
2026-07-30T03:23:27Z,0,99,31736,295.53,56,2812
2026-07-30T03:23:27Z,1,99,31854,367.74,56,2790
2026-07-30T03:23:27Z,2,0,1,12.91,34,210
2026-07-30T03:23:27Z,3,0,1,18.66,32,210
2026-07-30T03:23:27Z,4,0,29902,16.34,31,210
2026-07-30T03:23:27Z,5,0,29900,18.06,33,210
2026-07-30T03:23:27Z,6,0,1,11.92,38,210
2026-07-30T03:23:27Z,7,0,4,12.61,36,210
2026-07-30T03:23:29Z,0,99,31736,291.45,56,2812
2026-07-30T03:23:29Z,1,99,31854,356.70,57,2805
2026-07-30T03:23:29Z,2,0,1,15.91,34,210
2026-07-30T03:23:29Z,3,0,1,18.07,32,210
2026-07-30T03:23:29Z,4,0,29902,18.46,31,210
2026-07-30T03:23:29Z,5,0,29900,15.80,33,210
2026-07-30T03:23:29Z,6,0,760,51.59,39,2452
2026-07-30T03:23:29Z,7,0,4,12.83,36,210
2026-07-30T03:23:32Z,0,99,31736,289.93,56,2812
2026-07-30T03:23:32Z,1,99,31854,366.92,57,2782
2026-07-30T03:23:32Z,2,0,1,15.43,34,210
2026-07-30T03:23:32Z,3,0,1,19.52,32,210
2026-07-30T03:23:32Z,4,0,29902,17.57,31,210
2026-07-30T03:23:32Z,5,0,29900,16.56,33,210
2026-07-30T03:23:32Z,6,0,760,64.94,39,2430
2026-07-30T03:23:32Z,7,0,4,12.48,36,210
2026-07-30T03:23:34Z,0,99,31736,330.00,56,2812
2026-07-30T03:23:34Z,1,65,31854,331.71,58,2910
2026-07-30T03:23:34Z,2,0,1,13.47,34,210
2026-07-30T03:23:34Z,3,0,1,18.09,32,210
2026-07-30T03:23:34Z,4,0,29902,16.76,31,210
2026-07-30T03:23:34Z,5,0,29900,15.91,33,210
2026-07-30T03:23:34Z,6,0,760,65.19,39,2430
2026-07-30T03:23:34Z,7,0,4,13.10,36,210
2026-07-30T03:23:36Z,0,99,31736,325.16,56,2812
2026-07-30T03:23:36Z,1,99,31854,334.57,56,2910
2026-07-30T03:23:36Z,2,0,1,14.14,34,210
2026-07-30T03:23:36Z,3,0,1,18.60,32,202
2026-07-30T03:23:36Z,4,0,29902,18.50,31,210
2026-07-30T03:23:36Z,5,0,29900,14.78,33,210
2026-07-30T03:23:36Z,6,0,1292,65.87,39,2430
2026-07-30T03:23:36Z,7,0,1,14.03,36,210
2026-07-30T03:23:37Z,0,99,31736,329.64,57,2820
2026-07-30T03:23:37Z,1,99,31854,336.70,56,2910
2026-07-30T03:23:37Z,2,0,1,15.13,34,210
2026-07-30T03:23:37Z,3,0,1,16.75,32,210
2026-07-30T03:23:37Z,4,0,29902,16.73,31,210
2026-07-30T03:23:37Z,5,0,29900,15.71,33,210
2026-07-30T03:23:37Z,6,0,1292,64.44,39,2430
2026-07-30T03:23:37Z,7,0,1,12.85,36,202
2026-07-30T03:23:39Z,0,76,31736,295.06,58,2775
2026-07-30T03:23:39Z,1,99,31854,368.76,56,2917
2026-07-30T03:23:39Z,2,0,1,12.82,34,210
2026-07-30T03:23:39Z,3,0,1,20.57,32,210
2026-07-30T03:23:39Z,4,0,29902,17.40,31,210
2026-07-30T03:23:39Z,5,0,29900,16.62,33,210
2026-07-30T03:23:39Z,6,0,1292,67.08,39,2430
2026-07-30T03:23:39Z,7,0,1,12.18,36,210
2026-07-30T03:23:40Z,0,99,31736,292.25,56,2812
2026-07-30T03:23:40Z,1,99,31854,368.70,56,2917
2026-07-30T03:23:40Z,2,0,1,14.81,34,210
2026-07-30T03:23:40Z,3,0,1,19.14,32,210
2026-07-30T03:23:40Z,4,0,29902,18.68,31,210
2026-07-30T03:23:40Z,5,0,29900,15.44,33,210
2026-07-30T03:23:40Z,6,0,1860,68.79,39,2460
2026-07-30T03:23:40Z,7,0,1,14.05,36,210
2026-07-30T03:23:42Z,0,99,31736,294.74,57,2812
2026-07-30T03:23:42Z,1,99,31854,364.35,56,2842
2026-07-30T03:23:42Z,2,0,1,12.09,34,210
2026-07-30T03:23:42Z,3,0,1,18.43,32,202
2026-07-30T03:23:42Z,4,0,29902,16.43,31,210
2026-07-30T03:23:42Z,5,0,29900,17.23,33,210
2026-07-30T03:23:42Z,6,0,1862,70.45,39,2437
2026-07-30T03:23:42Z,7,0,1,12.10,36,210
2026-07-30T03:23:44Z,0,99,31736,298.08,57,2812
2026-07-30T03:23:44Z,1,99,31854,367.25,57,2782
2026-07-30T03:23:44Z,2,0,1,14.92,34,210
2026-07-30T03:23:44Z,3,0,1,17.36,32,210
2026-07-30T03:23:44Z,4,0,29902,18.68,31,210
2026-07-30T03:23:44Z,5,0,29900,14.79,33,210
2026-07-30T03:23:44Z,6,100,6782,382.54,49,2100
2026-07-30T03:23:44Z,7,0,1,12.82,36,202
2026-07-30T03:23:45Z,0,99,31736,326.83,57,2812
2026-07-30T03:23:45Z,1,72,31854,332.04,59,2910
2026-07-30T03:23:45Z,2,0,1,13.81,34,210
2026-07-30T03:23:45Z,3,0,1,17.96,32,210
2026-07-30T03:23:45Z,4,0,29902,16.80,31,210
2026-07-30T03:23:45Z,5,0,29900,17.71,33,210
2026-07-30T03:23:45Z,6,100,9394,450.31,50,1530
2026-07-30T03:23:45Z,7,0,1,12.68,36,210
2026-07-30T03:23:47Z,0,99,31736,326.79,57,2797
2026-07-30T03:23:47Z,1,99,31854,333.82,56,2910
2026-07-30T03:23:47Z,2,0,1,14.83,34,210
2026-07-30T03:23:47Z,3,0,1,18.34,32,210
2026-07-30T03:23:47Z,4,0,29902,18.72,31,210
2026-07-30T03:23:47Z,5,0,29900,15.97,33,210
2026-07-30T03:23:47Z,6,100,9970,449.88,51,1815
2026-07-30T03:23:47Z,7,0,1,11.91,36,210
2026-07-30T03:23:50Z,0,99,31736,329.30,59,2752
2026-07-30T03:23:50Z,1,99,31854,334.36,56,2910
2026-07-30T03:23:50Z,2,0,1,14.49,34,210
2026-07-30T03:23:50Z,3,0,1,19.19,32,210
2026-07-30T03:23:50Z,4,0,29902,17.07,31,210
2026-07-30T03:23:50Z,5,0,29900,16.63,33,210
2026-07-30T03:23:50Z,6,1,19124,223.06,43,2917
2026-07-30T03:23:50Z,7,0,760,63.30,37,2430
2026-07-30T03:23:52Z,0,99,31736,293.41,57,2812
2026-07-30T03:23:52Z,1,99,31854,358.78,57,2917
2026-07-30T03:23:52Z,2,0,1,15.20,34,210
2026-07-30T03:23:52Z,3,0,1,16.92,32,210
2026-07-30T03:23:52Z,4,0,29902,17.52,31,210
2026-07-30T03:23:52Z,5,0,29900,15.91,33,210
2026-07-30T03:23:52Z,6,100,21430,387.11,52,2775
2026-07-30T03:23:52Z,7,0,760,62.80,37,2430
2026-07-30T03:23:53Z,0,99,31736,293.87,57,2812
2026-07-30T03:23:53Z,1,99,31854,359.27,57,2917
2026-07-30T03:23:53Z,2,0,1,13.14,34,210
2026-07-30T03:23:53Z,3,0,1,18.57,32,210
2026-07-30T03:23:53Z,4,0,29902,17.02,31,210
2026-07-30T03:23:53Z,5,0,29900,18.49,33,210
2026-07-30T03:23:53Z,6,67,21430,370.48,49,2827
2026-07-30T03:23:53Z,7,0,972,61.47,37,2430
2026-07-30T03:23:55Z,0,99,31736,327.55,57,2812
2026-07-30T03:23:55Z,1,99,31854,365.26,60,2782
2026-07-30T03:23:55Z,2,0,1,15.91,34,210
2026-07-30T03:23:55Z,3,0,1,17.04,32,210
2026-07-30T03:23:55Z,4,0,29902,17.92,31,210
2026-07-30T03:23:55Z,5,0,29900,15.35,33,210
2026-07-30T03:23:55Z,6,99,21430,254.93,52,2917
2026-07-30T03:23:55Z,7,0,1264,64.25,37,2430
2026-07-30T03:23:56Z,0,99,31736,330.32,57,2782
2026-07-30T03:23:56Z,1,62,31854,330.43,60,2910
2026-07-30T03:23:56Z,2,0,1,13.27,34,210
2026-07-30T03:23:56Z,3,0,1,17.43,32,210
2026-07-30T03:23:56Z,4,0,29902,15.81,31,210
2026-07-30T03:23:56Z,5,0,29900,16.64,33,210
2026-07-30T03:23:56Z,6,10,21430,363.28,46,2842
2026-07-30T03:23:56Z,7,0,1264,60.92,37,2437
2026-07-30T03:23:58Z,0,100,31736,311.62,63,2790
2026-07-30T03:23:58Z,1,99,31854,335.75,57,2910
2026-07-30T03:23:58Z,2,0,1,15.10,34,210
2026-07-30T03:23:58Z,3,0,1,19.31,32,210
2026-07-30T03:23:58Z,4,0,29902,18.60,31,210
2026-07-30T03:23:58Z,5,0,29900,16.18,33,210
2026-07-30T03:23:58Z,6,29,21430,228.37,45,2917
2026-07-30T03:23:58Z,7,0,1264,63.34,37,2430
2026-07-30T03:23:59Z,0,95,31736,294.17,57,2812
2026-07-30T03:23:59Z,1,99,31854,352.89,57,2917
2026-07-30T03:23:59Z,2,0,1,14.37,34,202
2026-07-30T03:23:59Z,3,0,1,18.13,32,210
2026-07-30T03:23:59Z,4,0,29902,16.37,31,210
2026-07-30T03:23:59Z,5,0,29900,18.53,33,210
2026-07-30T03:23:59Z,6,0,21430,175.84,45,2917
2026-07-30T03:23:59Z,7,0,1264,61.92,37,2430
2026-07-30T03:24:01Z,0,99,31736,292.35,57,2812
2026-07-30T03:24:01Z,1,99,31854,372.10,57,2917
2026-07-30T03:24:01Z,2,0,1,13.67,34,210
2026-07-30T03:24:01Z,3,0,1,19.74,32,210
2026-07-30T03:24:01Z,4,0,29902,17.56,31,210
2026-07-30T03:24:01Z,5,0,29900,16.66,33,210
2026-07-30T03:24:01Z,6,99,21430,433.20,53,2767
2026-07-30T03:24:01Z,7,0,1264,62.44,37,2430
2026-07-30T03:24:03Z,0,99,31736,329.77,57,2812
2026-07-30T03:24:03Z,1,99,31854,368.98,57,2805
2026-07-30T03:24:03Z,2,0,1,15.66,34,210
2026-07-30T03:24:03Z,3,0,1,18.21,32,210
2026-07-30T03:24:03Z,4,0,29902,16.03,31,210
2026-07-30T03:24:03Z,5,0,29900,15.73,33,210
2026-07-30T03:24:03Z,6,99,21430,229.09,54,2812
2026-07-30T03:24:03Z,7,0,1790,75.73,37,2430
2026-07-30T03:24:04Z,0,99,31736,329.15,57,2812
2026-07-30T03:24:04Z,1,67,31854,334.11,63,2902
2026-07-30T03:24:04Z,2,0,1,13.04,34,210
2026-07-30T03:24:04Z,3,0,1,18.58,32,210
2026-07-30T03:24:04Z,4,0,29902,16.87,31,210
2026-07-30T03:24:04Z,5,0,29900,18.11,33,210
2026-07-30T03:24:04Z,6,100,21430,305.56,54,2220
2026-07-30T03:24:04Z,7,0,2826,154.05,39,2730
2026-07-30T03:24:08Z,0,99,31736,333.75,57,2730
2026-07-30T03:24:08Z,1,75,31854,332.86,60,2902
2026-07-30T03:24:08Z,2,0,1,12.71,34,210
2026-07-30T03:24:08Z,3,0,1,19.05,32,210
2026-07-30T03:24:08Z,4,0,29902,16.60,31,210
2026-07-30T03:24:08Z,5,0,29900,17.26,33,210
2026-07-30T03:24:08Z,6,7,21430,325.15,46,2917
2026-07-30T03:24:08Z,7,100,6640,449.69,48,1882
2026-07-30T03:24:09Z,0,54,31736,293.92,58,2812
2026-07-30T03:24:09Z,1,99,31854,336.72,57,2910
2026-07-30T03:24:09Z,2,0,1,14.15,34,210
2026-07-30T03:24:09Z,3,0,1,18.94,32,210
2026-07-30T03:24:09Z,4,0,29902,18.45,31,210
2026-07-30T03:24:09Z,5,0,29900,14.72,33,210
2026-07-30T03:24:09Z,6,100,21430,260.51,54,2782
2026-07-30T03:24:09Z,7,34,16538,284.03,42,2857
2026-07-30T03:24:11Z,0,99,31736,293.18,57,2812
2026-07-30T03:24:11Z,1,99,31854,355.60,57,2910
2026-07-30T03:24:11Z,2,0,1,13.28,34,210
2026-07-30T03:24:11Z,3,0,1,18.07,32,210
2026-07-30T03:24:11Z,4,0,29902,15.91,31,210
2026-07-30T03:24:11Z,5,0,29900,18.27,33,210
2026-07-30T03:24:11Z,6,0,21430,181.98,46,2917
2026-07-30T03:24:11Z,7,73,18844,409.76,48,2235
2026-07-30T03:24:12Z,0,99,31736,324.16,57,2812
2026-07-30T03:24:12Z,1,99,31854,367.34,57,2917
2026-07-30T03:24:12Z,2,0,1,13.58,34,202
2026-07-30T03:24:12Z,3,0,1,20.80,32,210
2026-07-30T03:24:12Z,4,0,29902,17.30,31,210
2026-07-30T03:24:12Z,5,0,29900,17.59,33,210
2026-07-30T03:24:12Z,6,100,21430,416.88,56,2760
2026-07-30T03:24:12Z,7,0,18844,182.47,41,2910
2026-07-30T03:24:14Z,0,99,31736,331.74,57,2812
2026-07-30T03:24:14Z,1,99,31854,365.90,58,2820
2026-07-30T03:24:14Z,2,0,1,14.48,34,210
2026-07-30T03:24:14Z,3,0,1,17.30,32,210
2026-07-30T03:24:14Z,4,0,29902,17.63,31,210
2026-07-30T03:24:14Z,5,0,29900,16.44,33,210
2026-07-30T03:24:14Z,6,100,21430,330.16,54,2017
2026-07-30T03:24:14Z,7,99,18844,435.77,50,2527
2026-07-30T03:24:15Z,0,99,31736,326.07,58,2767
2026-07-30T03:24:15Z,1,100,31854,349.61,63,2887
2026-07-30T03:24:15Z,2,0,1,14.33,34,210
2026-07-30T03:24:15Z,3,0,1,18.28,32,210
2026-07-30T03:24:15Z,4,0,29902,16.57,31,210
2026-07-30T03:24:15Z,5,0,29900,17.14,33,210
2026-07-30T03:24:15Z,6,98,21430,373.27,54,1852
2026-07-30T03:24:15Z,7,52,18844,371.07,46,2872
2026-07-30T03:24:17Z,0,68,31736,301.29,62,2805
2026-07-30T03:24:17Z,1,80,31854,333.71,57,2910
2026-07-30T03:24:17Z,2,0,1,14.96,34,210
2026-07-30T03:24:17Z,3,0,1,18.51,32,210
2026-07-30T03:24:17Z,4,0,29902,18.65,31,210
2026-07-30T03:24:17Z,5,0,29900,14.87,33,210
2026-07-30T03:24:17Z,6,100,21430,201.98,55,2385
2026-07-30T03:24:17Z,7,99,18844,286.77,50,2490
2026-07-30T03:24:18Z,0,99,31736,296.29,57,2812
2026-07-30T03:24:18Z,1,99,31854,338.06,57,2910
2026-07-30T03:24:18Z,2,0,1,13.32,34,210
2026-07-30T03:24:18Z,3,0,1,18.53,32,210
2026-07-30T03:24:18Z,4,0,29902,16.44,31,210
2026-07-30T03:24:18Z,5,0,29900,17.37,33,210
2026-07-30T03:24:18Z,6,100,21430,395.98,53,2280
2026-07-30T03:24:18Z,7,100,18844,309.96,50,2287
2026-07-30T03:24:20Z,0,99,31736,298.84,57,2812
2026-07-30T03:24:20Z,1,99,31854,366.62,57,2917
2026-07-30T03:24:20Z,2,0,1,14.90,34,210
2026-07-30T03:24:20Z,3,0,1,18.51,32,210
2026-07-30T03:24:20Z,4,0,29902,18.50,31,210
2026-07-30T03:24:20Z,5,0,29900,14.33,33,210
2026-07-30T03:24:20Z,6,0,21430,350.30,48,2917
2026-07-30T03:24:20Z,7,100,18844,328.84,49,2242
2026-07-30T03:24:22Z,0,99,31736,330.64,57,2812
2026-07-30T03:24:22Z,1,99,31854,368.01,58,2917
2026-07-30T03:24:22Z,2,0,1,14.23,34,210
2026-07-30T03:24:22Z,3,0,1,17.44,32,210
2026-07-30T03:24:22Z,4,0,29902,16.43,31,210
2026-07-30T03:24:22Z,5,0,29900,15.09,33,210
2026-07-30T03:24:22Z,6,0,21430,312.79,48,2917
2026-07-30T03:24:22Z,7,0,18844,366.48,43,2902
2026-07-30T03:24:25Z,0,99,31736,325.79,58,2820
2026-07-30T03:24:25Z,1,99,31854,364.03,58,2917
2026-07-30T03:24:25Z,2,0,1,14.88,34,210
2026-07-30T03:24:25Z,3,0,1,16.89,32,210
2026-07-30T03:24:25Z,4,0,29902,16.20,31,210
2026-07-30T03:24:25Z,5,0,29900,15.04,33,210
2026-07-30T03:24:25Z,6,100,21430,323.32,56,2107
2026-07-30T03:24:25Z,7,2,18844,314.95,43,2910
2026-07-30T03:24:27Z,0,99,31736,320.78,59,2767
2026-07-30T03:24:27Z,1,99,31854,362.87,60,2775
2026-07-30T03:24:27Z,2,0,1,14.05,34,210
2026-07-30T03:24:27Z,3,0,1,19.78,32,210
2026-07-30T03:24:27Z,4,0,29902,18.05,31,210
2026-07-30T03:24:27Z,5,0,29900,16.62,33,210
2026-07-30T03:24:27Z,6,100,21430,319.84,56,1822
2026-07-30T03:24:27Z,7,79,18844,326.67,45,2287
2026-07-30T03:24:28Z,0,99,31736,288.41,57,2812
2026-07-30T03:24:28Z,1,47,31854,327.69,56,2910
2026-07-30T03:24:28Z,2,0,1,14.89,34,210
2026-07-30T03:24:28Z,3,0,1,16.69,32,210
2026-07-30T03:24:28Z,4,0,29902,18.39,31,210
2026-07-30T03:24:28Z,5,0,29900,13.88,33,210
2026-07-30T03:24:28Z,6,99,21430,139.59,55,2805
2026-07-30T03:24:28Z,7,99,18844,300.15,51,2910
2026-07-30T03:24:30Z,0,99,31736,294.23,58,2812
2026-07-30T03:24:30Z,1,99,31854,337.55,58,2910
2026-07-30T03:24:30Z,2,0,1,12.61,34,210
2026-07-30T03:24:30Z,3,0,1,20.17,32,210
2026-07-30T03:24:30Z,4,0,29902,16.98,31,210
2026-07-30T03:24:30Z,5,0,29900,17.16,33,210
2026-07-30T03:24:30Z,6,100,21430,395.66,57,1800
2026-07-30T03:24:30Z,7,0,18844,305.39,45,2407
2026-07-30T03:24:31Z,0,99,31736,335.77,58,2812
2026-07-30T03:24:31Z,1,99,31854,365.19,58,2910
2026-07-30T03:24:31Z,2,0,1,15.12,34,210
2026-07-30T03:24:31Z,3,0,1,19.49,32,210
2026-07-30T03:24:31Z,4,0,29902,18.68,31,210
2026-07-30T03:24:31Z,5,0,29900,14.54,33,210
2026-07-30T03:24:31Z,6,0,21430,397.87,50,2752
2026-07-30T03:24:31Z,7,0,18844,326.37,45,2872
2026-07-30T03:24:33Z,0,99,31736,333.48,58,2782
2026-07-30T03:24:33Z,1,99,31854,368.23,58,2917
2026-07-30T03:24:33Z,2,0,1,14.54,34,210
2026-07-30T03:24:33Z,3,0,1,18.77,32,210
2026-07-30T03:24:33Z,4,0,29902,16.53,31,210
2026-07-30T03:24:33Z,5,0,29900,16.77,33,210
2026-07-30T03:24:33Z,6,79,21430,399.24,56,2467
2026-07-30T03:24:33Z,7,12,18844,319.82,46,2415
2026-07-30T03:24:34Z,0,99,31736,359.72,58,2805
2026-07-30T03:24:34Z,1,99,31854,397.49,58,2910
2026-07-30T03:24:34Z,2,0,1,13.38,34,210
2026-07-30T03:24:34Z,3,0,1,19.67,32,210
2026-07-30T03:24:34Z,4,0,29902,17.87,31,210
2026-07-30T03:24:34Z,5,0,29900,16.60,33,210
2026-07-30T03:24:34Z,6,100,21430,259.23,57,2370
2026-07-30T03:24:34Z,7,99,18844,315.05,51,2407
2026-07-30T03:24:36Z,0,76,31736,337.49,63,2737
2026-07-30T03:24:36Z,1,100,31854,384.54,64,2850
2026-07-30T03:24:36Z,2,0,1,14.88,34,210
2026-07-30T03:24:36Z,3,0,1,17.52,32,210
2026-07-30T03:24:36Z,4,0,29902,16.04,31,210
2026-07-30T03:24:36Z,5,0,29900,15.42,33,210
2026-07-30T03:24:36Z,6,90,21430,410.61,53,2317
2026-07-30T03:24:36Z,7,99,18844,341.22,53,2587
2026-07-30T03:24:37Z,0,99,31736,350.84,64,2715
2026-07-30T03:24:37Z,1,99,31854,403.30,59,2805
2026-07-30T03:24:37Z,2,0,1,12.88,34,210
2026-07-30T03:24:37Z,3,0,1,18.29,32,210
2026-07-30T03:24:37Z,4,0,29902,16.67,31,210
2026-07-30T03:24:37Z,5,0,29900,18.29,33,210
2026-07-30T03:24:37Z,6,0,21430,301.41,50,2917
2026-07-30T03:24:37Z,7,99,18844,310.69,52,2662
2026-07-30T03:24:39Z,0,99,31736,357.12,59,2805
2026-07-30T03:24:39Z,1,99,31854,401.64,59,2910
2026-07-30T03:24:39Z,2,0,1,14.82,34,210
2026-07-30T03:24:39Z,3,0,1,18.45,32,210
2026-07-30T03:24:39Z,4,0,29902,17.89,31,210
2026-07-30T03:24:39Z,5,0,29900,14.80,33,210
2026-07-30T03:24:39Z,6,100,21430,443.63,57,2460
2026-07-30T03:24:39Z,7,4,18844,291.11,45,2880
2026-07-30T03:24:42Z,0,99,31736,343.59,64,2745
2026-07-30T03:24:42Z,1,99,31854,400.97,59,2782
2026-07-30T03:24:42Z,2,0,1,14.96,34,210
2026-07-30T03:24:42Z,3,0,1,19.47,32,210
2026-07-30T03:24:42Z,4,0,29902,19.29,31,210
2026-07-30T03:24:42Z,5,0,29900,15.03,33,210
2026-07-30T03:24:42Z,6,100,21430,274.11,58,2767
2026-07-30T03:24:42Z,7,22,18844,263.44,45,2910
2026-07-30T03:24:44Z,0,99,31736,363.45,59,2812
2026-07-30T03:24:44Z,1,99,31854,402.85,59,2910
2026-07-30T03:24:44Z,2,0,1,12.63,34,210
2026-07-30T03:24:44Z,3,0,1,18.70,32,210
2026-07-30T03:24:44Z,4,0,29902,16.80,31,202
2026-07-30T03:24:44Z,5,0,29900,18.31,33,210
2026-07-30T03:24:44Z,6,100,21430,310.57,57,2122
2026-07-30T03:24:44Z,7,100,18844,320.97,54,2430
2026-07-30T03:24:45Z,0,99,31736,363.47,59,2812
2026-07-30T03:24:45Z,1,99,31854,393.16,59,2910
2026-07-30T03:24:45Z,2,0,1,14.11,34,210
2026-07-30T03:24:45Z,3,0,1,19.70,32,210
2026-07-30T03:24:45Z,4,0,29902,17.32,31,210
2026-07-30T03:24:45Z,5,0,29900,16.70,33,210
2026-07-30T03:24:45Z,6,78,21430,374.88,56,2707
2026-07-30T03:24:45Z,7,92,18844,347.92,53,2055
2026-07-30T03:24:47Z,0,99,31736,358.17,59,2805
2026-07-30T03:24:47Z,1,99,31854,399.92,64,2827
2026-07-30T03:24:47Z,2,0,1,14.83,34,210
2026-07-30T03:24:47Z,3,0,1,16.87,32,210
2026-07-30T03:24:47Z,4,0,29902,15.98,31,210
2026-07-30T03:24:47Z,5,0,29900,16.58,33,210
2026-07-30T03:24:47Z,6,0,21430,328.52,50,2917
2026-07-30T03:24:47Z,7,0,18844,97.94,46,2910
2026-07-30T03:24:48Z,0,99,31736,353.89,64,2722
2026-07-30T03:24:48Z,1,99,31854,401.75,60,2850
2026-07-30T03:24:48Z,2,0,1,12.93,34,210
2026-07-30T03:24:48Z,3,0,1,18.37,32,210
2026-07-30T03:24:48Z,4,0,29902,18.18,31,210
2026-07-30T03:24:48Z,5,0,29900,17.54,33,210
2026-07-30T03:24:48Z,6,45,21430,265.65,51,2917
2026-07-30T03:24:48Z,7,0,18844,66.13,44,2430
2026-07-30T03:24:50Z,0,99,31736,361.06,60,2722
2026-07-30T03:24:50Z,1,99,31854,401.95,59,2910
2026-07-30T03:24:50Z,2,0,1,15.87,34,210
2026-07-30T03:24:50Z,3,0,1,17.22,32,210
2026-07-30T03:24:50Z,4,0,29902,18.01,31,202
2026-07-30T03:24:50Z,5,0,29900,14.84,33,210
2026-07-30T03:24:50Z,6,99,21430,300.96,58,2467
2026-07-30T03:24:50Z,7,99,18844,415.64,53,2295
2026-07-30T03:24:52Z,0,99,31736,363.99,59,2805
2026-07-30T03:24:52Z,1,95,31854,394.14,61,2910
2026-07-30T03:24:52Z,2,0,1,13.13,34,210
2026-07-30T03:24:52Z,3,0,1,18.99,32,210
2026-07-30T03:24:52Z,4,0,29902,16.88,31,210
2026-07-30T03:24:52Z,5,0,29900,17.41,33,210
2026-07-30T03:24:52Z,6,89,21430,371.83,56,2272
2026-07-30T03:24:52Z,7,99,18844,378.51,54,2760
2026-07-30T03:24:53Z,0,99,31736,360.05,59,2805
2026-07-30T03:24:53Z,1,99,31854,403.63,64,2782
2026-07-30T03:24:53Z,2,0,1,15.30,34,210
2026-07-30T03:24:53Z,3,0,1,18.98,32,210
2026-07-30T03:24:53Z,4,0,29902,19.61,31,210
2026-07-30T03:24:53Z,5,0,29900,15.16,33,210
2026-07-30T03:24:53Z,6,2,21430,392.34,53,2790
2026-07-30T03:24:53Z,7,0,18844,100.64,46,2910
2026-07-30T03:24:55Z,0,93,31736,329.42,59,2782
2026-07-30T03:24:55Z,1,99,31854,405.04,60,2850
2026-07-30T03:24:55Z,2,0,1,13.11,34,210
2026-07-30T03:24:55Z,3,0,1,18.68,32,210
2026-07-30T03:24:55Z,4,0,29902,17.03,31,210
2026-07-30T03:24:55Z,5,0,29900,18.10,33,210
2026-07-30T03:24:55Z,6,0,21430,333.02,51,2910
2026-07-30T03:24:55Z,7,91,18844,411.25,50,2565
2026-07-30T03:24:56Z,0,99,31736,362.69,60,2760
2026-07-30T03:24:56Z,1,99,31854,401.93,60,2910
2026-07-30T03:24:56Z,2,0,1,13.11,34,210
2026-07-30T03:24:56Z,3,0,1,19.58,32,210
2026-07-30T03:24:56Z,4,0,29902,18.67,31,210
2026-07-30T03:24:56Z,5,0,29900,16.69,33,210
2026-07-30T03:24:56Z,6,100,21430,313.82,60,2737
2026-07-30T03:24:56Z,7,100,18844,443.36,55,2287
2026-07-30T03:25:00Z,0,57,31736,329.57,61,2790
2026-07-30T03:25:00Z,1,99,31854,394.90,60,2880
2026-07-30T03:25:00Z,2,0,1,12.50,34,210
2026-07-30T03:25:00Z,3,0,1,19.58,32,210
2026-07-30T03:25:00Z,4,0,29902,17.55,31,210
2026-07-30T03:25:00Z,5,0,29900,15.56,33,210
2026-07-30T03:25:00Z,6,0,21430,370.69,52,2850
2026-07-30T03:25:00Z,7,100,18844,402.03,54,2122
2026-07-30T03:25:01Z,0,99,31736,359.13,60,2752
2026-07-30T03:25:01Z,1,99,31854,396.17,60,2910
2026-07-30T03:25:01Z,2,0,1,15.54,34,210
2026-07-30T03:25:01Z,3,0,1,17.39,32,202
2026-07-30T03:25:01Z,4,0,29902,18.25,31,210
2026-07-30T03:25:01Z,5,0,29900,15.02,33,210
2026-07-30T03:25:01Z,6,0,21430,389.71,53,2767
2026-07-30T03:25:01Z,7,100,18844,414.76,56,2572
2026-07-30T03:25:03Z,0,99,31736,364.39,60,2805
2026-07-30T03:25:03Z,1,99,31854,397.64,63,2910
2026-07-30T03:25:03Z,2,0,1,12.22,34,210
2026-07-30T03:25:03Z,3,0,1,19.29,32,210
2026-07-30T03:25:03Z,4,0,29902,16.84,31,210
2026-07-30T03:25:03Z,5,0,29900,17.57,33,210
2026-07-30T03:25:03Z,6,0,21430,350.49,52,2820
2026-07-30T03:25:03Z,7,0,18844,117.23,47,2910
2026-07-30T03:25:04Z,0,99,31736,359.67,60,2805
2026-07-30T03:25:04Z,1,98,31854,397.85,65,2872
2026-07-30T03:25:04Z,2,0,1,15.48,34,210
2026-07-30T03:25:04Z,3,0,1,19.89,32,210
2026-07-30T03:25:04Z,4,0,29902,18.41,31,210
2026-07-30T03:25:04Z,5,0,29900,14.98,33,210
2026-07-30T03:25:04Z,6,0,21430,334.12,52,2910
2026-07-30T03:25:04Z,7,92,18844,428.66,55,2175
2026-07-30T03:25:06Z,0,99,31736,361.09,60,2805
2026-07-30T03:25:06Z,1,99,31854,405.98,61,2767
2026-07-30T03:25:06Z,2,0,1,12.99,34,210
2026-07-30T03:25:06Z,3,0,1,17.96,32,210
2026-07-30T03:25:06Z,4,0,29902,16.63,31,210
2026-07-30T03:25:06Z,5,0,29900,16.65,33,210
2026-07-30T03:25:06Z,6,4,21430,257.48,55,2917
2026-07-30T03:25:06Z,7,99,18844,443.68,55,2152
2026-07-30T03:25:07Z,0,92,31736,334.20,63,2805
2026-07-30T03:25:07Z,1,99,31854,401.87,60,2910
2026-07-30T03:25:07Z,2,0,1,14.24,34,210
2026-07-30T03:25:07Z,3,0,1,20.64,32,202
2026-07-30T03:25:07Z,4,0,29902,17.09,31,210
2026-07-30T03:25:07Z,5,0,29900,17.41,33,210
2026-07-30T03:25:07Z,6,99,21430,272.17,61,2445
2026-07-30T03:25:07Z,7,99,18844,222.91,55,2647
2026-07-30T03:25:09Z,0,99,31736,364.52,60,2730
2026-07-30T03:25:09Z,1,99,31854,399.40,60,2910
2026-07-30T03:25:09Z,2,0,1,14.66,34,210
2026-07-30T03:25:09Z,3,0,1,16.83,32,210
2026-07-30T03:25:09Z,4,0,29902,17.85,31,210
2026-07-30T03:25:09Z,5,0,29900,16.19,33,210
2026-07-30T03:25:09Z,6,99,21430,289.54,60,2010
2026-07-30T03:25:09Z,7,100,18844,398.76,57,2730
2026-07-30T03:25:10Z,0,99,31736,366.86,60,2760
2026-07-30T03:25:10Z,1,57,31854,371.05,62,2872
2026-07-30T03:25:10Z,2,0,1,12.88,34,210
2026-07-30T03:25:10Z,3,0,1,19.63,32,210
2026-07-30T03:25:10Z,4,0,29902,16.90,31,210
2026-07-30T03:25:10Z,5,0,29900,17.99,33,210
2026-07-30T03:25:10Z,6,100,21430,294.09,60,1830
2026-07-30T03:25:10Z,7,0,18844,287.42,49,2902
2026-07-30T03:25:12Z,0,99,31736,361.86,60,2805
2026-07-30T03:25:12Z,1,99,31854,403.27,62,2775
2026-07-30T03:25:12Z,2,0,1,15.91,34,210
2026-07-30T03:25:12Z,3,0,1,18.56,32,210
2026-07-30T03:25:12Z,4,0,29902,18.17,31,210
2026-07-30T03:25:12Z,5,0,29900,14.25,33,210
2026-07-30T03:25:12Z,6,100,21430,309.49,60,2070
2026-07-30T03:25:12Z,7,93,18844,414.31,55,2332
2026-07-30T03:25:13Z,0,99,31736,368.77,60,2805
2026-07-30T03:25:13Z,1,99,31854,398.29,61,2910
2026-07-30T03:25:13Z,2,0,1,13.41,34,210
2026-07-30T03:25:13Z,3,0,1,17.55,32,202
2026-07-30T03:25:13Z,4,0,29902,15.98,31,210
2026-07-30T03:25:13Z,5,0,29900,16.71,33,210
2026-07-30T03:25:13Z,6,99,21430,331.27,58,2047
2026-07-30T03:25:13Z,7,33,18844,340.27,50,2767
2026-07-30T03:25:17Z,0,99,31736,366.26,60,2812
2026-07-30T03:25:17Z,1,99,31854,405.11,62,2782
2026-07-30T03:25:17Z,2,0,1,14.23,34,210
2026-07-30T03:25:17Z,3,0,1,17.55,32,210
2026-07-30T03:25:17Z,4,0,29902,15.76,31,210
2026-07-30T03:25:17Z,5,0,29900,17.56,33,210
2026-07-30T03:25:17Z,6,99,21430,276.90,61,2617
2026-07-30T03:25:17Z,7,0,18844,306.02,49,2880
2026-07-30T03:25:18Z,0,99,31736,360.17,63,2812
2026-07-30T03:25:18Z,1,99,31854,396.34,61,2910
2026-07-30T03:25:18Z,2,0,1,14.59,34,210
2026-07-30T03:25:18Z,3,0,1,20.35,32,210
2026-07-30T03:25:18Z,4,0,29902,18.23,31,210
2026-07-30T03:25:18Z,5,0,29900,17.07,33,210
2026-07-30T03:25:18Z,6,99,21430,308.48,61,2085
2026-07-30T03:25:18Z,7,88,18844,426.95,51,2392
2026-07-30T03:25:20Z,0,93,31736,334.03,63,2805
2026-07-30T03:25:20Z,1,99,31854,404.14,61,2910
2026-07-30T03:25:20Z,2,0,1,14.90,34,210
2026-07-30T03:25:20Z,3,0,1,17.60,32,210
2026-07-30T03:25:20Z,4,0,29902,17.72,31,210
2026-07-30T03:25:20Z,5,0,29900,16.23,33,210
2026-07-30T03:25:20Z,6,100,21430,270.54,61,1987
2026-07-30T03:25:20Z,7,100,18844,416.35,53,2167
2026-07-30T03:25:22Z,0,99,31736,363.45,61,2797
2026-07-30T03:25:22Z,1,92,31854,379.57,63,2910
2026-07-30T03:25:22Z,2,0,1,13.53,34,210
2026-07-30T03:25:22Z,3,0,1,20.01,32,210
2026-07-30T03:25:22Z,4,0,29902,18.03,31,210
2026-07-30T03:25:22Z,5,0,29900,18.72,33,210
2026-07-30T03:25:22Z,6,100,21430,293.41,61,1852
2026-07-30T03:25:22Z,7,100,18844,205.23,57,2430
2026-07-30T03:25:23Z,0,99,31736,361.12,61,2812
2026-07-30T03:25:23Z,1,99,31854,398.73,61,2797
2026-07-30T03:25:23Z,2,0,1,15.14,34,210
2026-07-30T03:25:23Z,3,0,1,17.16,32,210
2026-07-30T03:25:23Z,4,0,29902,18.28,31,210
2026-07-30T03:25:23Z,5,0,29900,14.30,33,202
2026-07-30T03:25:23Z,6,100,21430,395.51,58,1912
2026-07-30T03:25:23Z,7,0,18844,355.71,50,2865
2026-07-30T03:25:25Z,0,99,31736,364.37,60,2812
2026-07-30T03:25:25Z,1,99,31854,404.33,61,2842
2026-07-30T03:25:25Z,2,0,1,13.75,34,210
2026-07-30T03:25:25Z,3,0,1,19.17,32,210
2026-07-30T03:25:25Z,4,0,29902,17.95,31,210
2026-07-30T03:25:25Z,5,0,29900,17.52,33,210
2026-07-30T03:25:25Z,6,0,21430,377.49,54,2692
2026-07-30T03:25:25Z,7,100,18844,398.55,57,2167
2026-07-30T03:25:26Z,0,97,31736,359.28,60,2805
2026-07-30T03:25:26Z,1,99,31854,402.61,61,2910
2026-07-30T03:25:26Z,2,0,1,15.07,34,210
2026-07-30T03:25:26Z,3,0,1,19.30,32,210
2026-07-30T03:25:26Z,4,0,29902,18.71,31,210
2026-07-30T03:25:26Z,5,0,29900,16.26,33,210
2026-07-30T03:25:26Z,6,0,21430,333.69,54,2880
2026-07-30T03:25:26Z,7,96,18844,409.71,58,2647
2026-07-30T03:25:28Z,0,51,31736,330.05,66,2775
2026-07-30T03:25:28Z,1,92,31854,403.93,61,2910
2026-07-30T03:25:28Z,2,0,1,13.50,34,210
2026-07-30T03:25:28Z,3,0,1,17.72,32,210
2026-07-30T03:25:28Z,4,0,29902,15.90,31,210
2026-07-30T03:25:28Z,5,0,29900,16.68,33,210
2026-07-30T03:25:28Z,6,0,21430,289.47,53,2902
2026-07-30T03:25:28Z,7,0,18844,99.43,49,2910
2026-07-30T03:25:29Z,0,99,31736,362.47,61,2767
2026-07-30T03:25:29Z,1,99,31854,395.42,66,2767
2026-07-30T03:25:29Z,2,0,1,13.28,34,210
2026-07-30T03:25:29Z,3,0,1,20.47,32,210
2026-07-30T03:25:29Z,4,0,29902,17.20,31,210
2026-07-30T03:25:29Z,5,0,29900,17.01,33,202
2026-07-30T03:25:29Z,6,85,21430,291.94,61,2902
2026-07-30T03:25:29Z,7,38,18844,276.13,53,2437
2026-07-30T03:25:31Z,0,99,31736,362.22,61,2812
2026-07-30T03:25:31Z,1,99,31854,406.96,61,2902
2026-07-30T03:25:31Z,2,0,1,15.01,34,210
2026-07-30T03:25:31Z,3,0,1,17.11,32,210
2026-07-30T03:25:31Z,4,0,29902,16.51,31,210
2026-07-30T03:25:31Z,5,0,29900,16.06,33,210
2026-07-30T03:25:31Z,6,0,21430,278.60,54,2902
2026-07-30T03:25:31Z,7,0,18844,371.11,51,2445
2026-07-30T03:25:34Z,0,99,31736,362.95,61,2812
2026-07-30T03:25:34Z,1,99,31854,405.58,62,2760
2026-07-30T03:25:34Z,2,0,1,14.42,34,210
2026-07-30T03:25:34Z,3,0,1,17.11,32,210
2026-07-30T03:25:34Z,4,0,29902,17.82,31,210
2026-07-30T03:25:34Z,5,0,29900,14.11,33,210
2026-07-30T03:25:34Z,6,99,21430,422.10,60,1822
2026-07-30T03:25:34Z,7,43,18844,356.03,52,2767
2026-07-30T03:25:36Z,0,99,31736,360.48,61,2805
2026-07-30T03:25:36Z,1,99,31854,403.45,61,2895
2026-07-30T03:25:36Z,2,0,1,12.63,34,210
2026-07-30T03:25:36Z,3,0,1,19.50,32,210
2026-07-30T03:25:36Z,4,0,29902,17.50,31,210
2026-07-30T03:25:36Z,5,0,29900,17.49,33,210
2026-07-30T03:25:36Z,6,99,21430,255.54,61,2332
2026-07-30T03:25:36Z,7,100,18844,354.35,57,2130
2026-07-30T03:25:37Z,0,99,31736,358.82,61,2812
2026-07-30T03:25:37Z,1,99,31854,403.63,61,2910
2026-07-30T03:25:37Z,2,0,1,15.37,34,210
2026-07-30T03:25:37Z,3,0,1,19.69,32,210
2026-07-30T03:25:37Z,4,0,29902,19.55,31,210
2026-07-30T03:25:37Z,5,0,29900,15.01,33,210
2026-07-30T03:25:37Z,6,0,21430,351.80,56,2092
2026-07-30T03:25:37Z,7,99,18844,185.63,58,2850
2026-07-30T03:25:39Z,0,100,31736,353.75,67,2782
2026-07-30T03:25:39Z,1,87,31854,392.95,65,2880
2026-07-30T03:25:39Z,2,0,1,14.56,34,210
2026-07-30T03:25:39Z,3,0,1,17.84,32,210
2026-07-30T03:25:39Z,4,0,29902,16.24,31,210
2026-07-30T03:25:39Z,5,0,29900,16.39,33,210
2026-07-30T03:25:39Z,6,92,21430,340.08,60,2362
2026-07-30T03:25:39Z,7,99,18844,290.08,58,2497
2026-07-30T03:25:40Z,0,99,31736,364.98,62,2737
2026-07-30T03:25:40Z,1,99,31854,400.60,62,2767
2026-07-30T03:25:40Z,2,0,1,14.29,34,210
2026-07-30T03:25:40Z,3,0,1,21.67,32,210
2026-07-30T03:25:40Z,4,0,29902,18.99,31,210
2026-07-30T03:25:40Z,5,0,29900,17.51,33,210
2026-07-30T03:25:40Z,6,0,21430,240.73,54,2902
2026-07-30T03:25:40Z,7,35,18844,371.90,51,2880
2026-07-30T03:25:42Z,0,99,31736,365.67,61,2805
2026-07-30T03:25:42Z,1,99,31854,403.19,62,2902
2026-07-30T03:25:42Z,2,0,1,15.36,34,210
2026-07-30T03:25:42Z,3,0,1,17.28,32,210
2026-07-30T03:25:42Z,4,0,29902,16.44,31,210
2026-07-30T03:25:42Z,5,0,29900,16.28,33,210
2026-07-30T03:25:42Z,6,99,21430,437.05,62,2407
2026-07-30T03:25:42Z,7,0,18844,173.38,50,2910
2026-07-30T03:25:44Z,0,99,31736,365.17,61,2812
2026-07-30T03:25:44Z,1,99,31854,402.37,61,2895
2026-07-30T03:25:44Z,2,0,1,13.73,34,210
2026-07-30T03:25:44Z,3,0,1,18.41,32,210
2026-07-30T03:25:44Z,4,0,29902,17.74,31,210
2026-07-30T03:25:44Z,5,0,29900,17.30,33,210
2026-07-30T03:25:44Z,6,99,21430,160.43,63,2827
2026-07-30T03:25:44Z,7,100,18844,319.29,59,2490
2026-07-30T03:25:45Z,0,99,31736,359.06,61,2805
2026-07-30T03:25:45Z,1,93,31854,395.18,61,2910
2026-07-30T03:25:45Z,2,0,1,15.85,34,210
2026-07-30T03:25:45Z,3,0,1,18.92,32,210
2026-07-30T03:25:45Z,4,0,29902,18.61,31,210
2026-07-30T03:25:45Z,5,0,29900,15.31,33,210
2026-07-30T03:25:45Z,6,100,21430,367.30,60,1860
2026-07-30T03:25:45Z,7,99,18844,392.31,59,2685
2026-07-30T03:25:47Z,0,100,31736,365.36,67,2737
2026-07-30T03:25:47Z,1,99,31854,401.02,66,2865
2026-07-30T03:25:47Z,2,0,1,13.46,34,210
2026-07-30T03:25:47Z,3,0,1,20.73,32,210
2026-07-30T03:25:47Z,4,0,29902,17.01,31,210
2026-07-30T03:25:47Z,5,0,29900,17.82,33,202
2026-07-30T03:25:47Z,6,99,21430,249.23,61,2422
2026-07-30T03:25:47Z,7,99,18844,254.24,58,2302
2026-07-30T03:25:48Z,0,99,31736,366.34,67,2707
2026-07-30T03:25:48Z,1,99,31854,404.37,62,2797
2026-07-30T03:25:48Z,2,0,1,14.55,34,210
2026-07-30T03:25:48Z,3,0,1,18.89,32,210
2026-07-30T03:25:48Z,4,0,29902,18.35,31,210
2026-07-30T03:25:48Z,5,0,29900,14.62,33,210
2026-07-30T03:25:48Z,6,0,21430,358.75,55,2745
2026-07-30T03:25:48Z,7,94,18844,407.71,60,2722
2026-07-30T03:25:52Z,0,99,31736,362.00,62,2752
2026-07-30T03:25:52Z,1,99,31854,403.37,62,2805
2026-07-30T03:25:52Z,2,0,1,13.85,34,210
2026-07-30T03:25:52Z,3,0,1,19.23,32,210
2026-07-30T03:25:52Z,4,0,29902,18.49,31,210
2026-07-30T03:25:52Z,5,0,29900,13.88,33,210
2026-07-30T03:25:52Z,6,100,21430,205.48,62,2482
2026-07-30T03:25:52Z,7,99,18844,428.46,58,2422
2026-07-30T03:25:53Z,0,99,31736,359.71,62,2775
2026-07-30T03:25:53Z,1,99,31854,401.45,62,2902
2026-07-30T03:25:53Z,2,0,1,15.06,34,210
2026-07-30T03:25:53Z,3,0,1,16.69,32,210
2026-07-30T03:25:53Z,4,0,29902,16.18,31,210
2026-07-30T03:25:53Z,5,0,29900,16.19,33,210
2026-07-30T03:25:53Z,6,51,21430,393.99,60,2197
2026-07-30T03:25:53Z,7,14,18844,209.96,58,2827
2026-07-30T03:25:55Z,0,99,31736,367.80,62,2805
2026-07-30T03:25:55Z,1,99,31854,400.76,61,2910
2026-07-30T03:25:55Z,2,0,1,13.71,34,210
2026-07-30T03:25:55Z,3,0,1,19.52,32,210
2026-07-30T03:25:55Z,4,0,29902,18.76,31,210
2026-07-30T03:25:55Z,5,0,29900,17.02,33,210
2026-07-30T03:25:55Z,6,83,21430,392.15,61,1755
2026-07-30T03:25:55Z,7,98,18844,332.21,60,2700
2026-07-30T03:25:56Z,0,86,31736,364.16,65,2812
2026-07-30T03:25:56Z,1,98,31854,394.35,66,2775
2026-07-30T03:25:56Z,2,0,1,15.36,34,210
2026-07-30T03:25:56Z,3,0,1,17.67,32,210
2026-07-30T03:25:56Z,4,0,29902,18.85,31,210
2026-07-30T03:25:56Z,5,0,29900,14.84,33,210
2026-07-30T03:25:56Z,6,0,21430,279.45,55,2902
2026-07-30T03:25:56Z,7,0,18844,271.06,52,2910
2026-07-30T03:25:58Z,0,53,31736,332.41,60,2812
2026-07-30T03:25:58Z,1,99,31854,401.22,62,2872
2026-07-30T03:25:58Z,2,0,1,13.38,34,210
2026-07-30T03:25:58Z,3,0,1,19.00,32,210
2026-07-30T03:25:58Z,4,0,29902,16.97,31,210
2026-07-30T03:25:58Z,5,0,29900,17.22,33,210
2026-07-30T03:25:58Z,6,2,21430,370.87,55,2887
2026-07-30T03:25:58Z,7,99,18844,342.49,59,2752
2026-07-30T03:25:59Z,0,99,31736,364.74,62,2730
2026-07-30T03:25:59Z,1,99,31854,406.51,62,2895
2026-07-30T03:25:59Z,2,0,1,15.58,34,210
2026-07-30T03:25:59Z,3,0,1,19.19,32,210
2026-07-30T03:25:59Z,4,0,29902,19.55,31,210
2026-07-30T03:25:59Z,5,0,29900,16.06,33,210
2026-07-30T03:25:59Z,6,0,21430,261.92,55,2902
2026-07-30T03:25:59Z,7,0,18844,320.05,53,2775
2026-07-30T03:26:01Z,0,99,31736,361.20,62,2745
2026-07-30T03:26:01Z,1,99,31854,402.74,62,2895
2026-07-30T03:26:01Z,2,0,1,13.38,34,210
2026-07-30T03:26:01Z,3,0,1,18.58,32,210
2026-07-30T03:26:01Z,4,0,29902,16.26,31,210
2026-07-30T03:26:01Z,5,0,29900,18.33,33,210
2026-07-30T03:26:01Z,6,99,21430,417.95,63,1927
2026-07-30T03:26:01Z,7,94,18844,356.41,58,2160
2026-07-30T03:26:02Z,0,99,31736,364.54,62,2797
2026-07-30T03:26:02Z,1,74,31854,384.19,65,2865
2026-07-30T03:26:02Z,2,0,1,14.57,34,210
2026-07-30T03:26:02Z,3,0,1,19.56,32,210
2026-07-30T03:26:02Z,4,0,29902,19.27,31,210
2026-07-30T03:26:02Z,5,0,29900,17.81,33,210
2026-07-30T03:26:02Z,6,100,21430,208.22,63,2550
2026-07-30T03:26:02Z,7,99,18844,434.44,60,2287
2026-07-30T03:26:04Z,0,0,31736,165.28,58,2835
2026-07-30T03:26:04Z,1,0,31854,132.26,57,2925
2026-07-30T03:26:04Z,2,0,1,15.06,34,210
2026-07-30T03:26:04Z,3,0,1,17.33,32,210
2026-07-30T03:26:04Z,4,0,29902,16.12,31,210
2026-07-30T03:26:04Z,5,0,29900,15.64,33,210
2026-07-30T03:26:04Z,6,56,21430,414.29,57,2392
2026-07-30T03:26:04Z,7,88,18844,362.57,59,2407
