ts,port,running,waiting,waiting_capacity,waiting_deferred,kv_usage,preemptions,success,gen_tokens,queue_sum,queue_count,ttft_sum,ttft_count
2026-07-30T02:48:26Z,8001,0,0,0,0,0,0,225,47015,0.00497069,225,145.995,228
2026-07-30T02:48:26Z,8002,1,0,0,0,0.025641,0,152,34961,0.0038113,152,138.715,155
2026-07-30T02:48:30Z,8001,0,0,0,0,0,0,226,47271,0.00500934,226,146.156,229
2026-07-30T02:48:30Z,8002,0,0,0,0,0,0,153,35079,0.00385044,153,138.715,155
2026-07-30T02:48:32Z,8001,0,0,0,0,0,0,226,47271,0.00500934,226,146.156,229
2026-07-30T02:48:32Z,8002,0,0,0,0,0,0,154,35335,0.00389235,154,141.016,156
2026-07-30T02:48:33Z,8001,0,0,0,0,0,0,227,47527,0.00504836,227,146.296,230
2026-07-30T02:48:33Z,8002,0,0,0,0,0,0,154,35335,0.00389235,154,141.016,156
2026-07-30T02:48:35Z,8001,0,0,0,0,0,0,227,47527,0.00504836,227,146.296,230
2026-07-30T02:48:35Z,8002,0,0,0,0,0,0,154,35335,0.00389235,154,141.016,156
2026-07-30T02:48:36Z,8001,1,0,0,0,0.025641,0,227,47534,0.00504836,227,146.423,231
2026-07-30T02:48:36Z,8002,0,0,0,0,0,0,155,35591,0.00393067,155,143.331,157
2026-07-30T02:48:38Z,8001,0,0,0,0,0,0,228,47783,0.00508689,228,146.423,231
2026-07-30T02:48:38Z,8002,1,0,0,0,0.025641,0,155,35668,0.00393067,155,143.498,158
2026-07-30T02:48:40Z,8001,1,0,0,0,0.025641,0,228,47936,0.00508689,228,146.554,232
2026-07-30T02:48:40Z,8002,0,0,0,0,0,0,156,35847,0.00396992,156,143.498,158
2026-07-30T02:48:41Z,8001,0,0,0,0,0,0,229,48039,0.00512604,229,146.554,232
2026-07-30T02:48:41Z,8002,0,0,0,0,0,0,156,35847,0.00396992,156,143.498,158
2026-07-30T02:48:43Z,8001,0,0,0,0,0,0,229,48039,0.00512604,229,146.554,232
2026-07-30T02:48:43Z,8002,1,0,0,0,0.0512821,0,156,35953,0.00396992,156,145.806,159
2026-07-30T02:48:44Z,8001,1,0,0,0,0.025641,0,229,48223,0.00512604,229,146.691,233
2026-07-30T02:48:44Z,8002,0,0,0,0,0,0,157,36103,0.00399125,157,145.806,159
2026-07-30T02:48:48Z,8001,0,0,0,0,0,0,230,48295,0.00516415,230,146.691,233
2026-07-30T02:48:48Z,8002,0,0,0,0,0,0,158,36359,0.00401152,158,148.128,160
2026-07-30T02:48:50Z,8001,0,0,0,0,0,0,231,48551,0.00518441,231,146.82,234
2026-07-30T02:48:50Z,8002,0,0,0,0,0,0,158,36359,0.00401152,158,148.128,160
2026-07-30T02:48:51Z,8001,0,0,0,0,0,0,231,48551,0.00518441,231,146.82,234
2026-07-30T02:48:51Z,8002,0,0,0,0,0,0,158,36359,0.00401152,158,148.128,160
2026-07-30T02:48:53Z,8001,0,0,0,0,0,0,231,48551,0.00518441,231,146.82,234
2026-07-30T02:48:53Z,8002,0,0,0,0,0,0,159,36615,0.00402958,159,150.422,161
2026-07-30T02:48:55Z,8001,0,0,0,0,0,0,231,48551,0.00518441,231,146.82,234
2026-07-30T02:48:55Z,8002,0,0,0,0,0,0,159,36615,0.00402958,159,150.422,161
2026-07-30T02:48:56Z,8001,1,0,0,0,0.0512821,0,231,48784,0.00518441,231,149.106,235
2026-07-30T02:48:56Z,8002,0,0,0,0,0,0,159,36615,0.00402958,159,150.422,161
2026-07-30T02:48:58Z,8001,0,0,0,0,0,0,232,48807,0.00522162,232,149.106,235
2026-07-30T02:48:58Z,8002,0,0,0,0,0,0,159,36615,0.00402958,159,150.422,161
2026-07-30T02:48:59Z,8001,0,0,0,0,0,0,232,48807,0.00522162,232,149.106,235
2026-07-30T02:48:59Z,8002,1,0,0,0,0.0512821,0,159,36799,0.00402958,159,152.709,162
2026-07-30T02:49:01Z,8001,1,0,0,0,0.025641,0,232,49053,0.00522162,232,149.257,236
2026-07-30T02:49:01Z,8002,0,0,0,0,0,0,160,36871,0.00406556,160,152.709,162
2026-07-30T02:49:03Z,8001,1,0,0,0,0.025641,0,233,49118,0.00526062,233,149.385,237
2026-07-30T02:49:03Z,8002,0,0,0,0,0,0,161,37127,0.00409944,161,152.847,163
2026-07-30T02:49:06Z,8001,0,0,0,0,0,0,235,49575,0.00532748,235,149.515,238
2026-07-30T02:49:06Z,8002,1,0,0,0,0.025641,0,162,37407,0.00412868,162,153.053,165
2026-07-30T02:49:08Z,8001,1,0,0,0,0.025641,0,235,49670,0.00532748,235,149.648,239
2026-07-30T02:49:08Z,8002,0,0,0,0,0,0,163,37639,0.0041474,163,153.053,165
2026-07-30T02:49:10Z,8001,0,0,0,0,0,0,236,49831,0.00536626,236,149.648,239
2026-07-30T02:49:10Z,8002,0,0,0,0,0,0,163,37639,0.0041474,163,153.053,165
2026-07-30T02:49:11Z,8001,0,0,0,0,0,0,236,49831,0.00536626,236,149.648,239
2026-07-30T02:49:11Z,8002,1,0,0,0,0.0512821,0,163,37674,0.0041474,163,155.327,166
2026-07-30T02:49:13Z,8001,1,0,0,0,0.025641,0,236,49966,0.00536626,236,149.775,240
2026-07-30T02:49:13Z,8002,0,0,0,0,0,0,164,37895,0.00418508,164,155.327,166
2026-07-30T02:49:14Z,8001,0,0,0,0,0,0,237,50087,0.00540455,237,149.775,240
2026-07-30T02:49:14Z,8002,1,0,0,0,0.025641,0,164,38105,0.00418508,164,155.425,167
2026-07-30T02:49:16Z,8001,0,0,0,0,0,0,238,50343,0.00544075,238,149.908,241
2026-07-30T02:49:16Z,8002,0,0,0,0,0,0,165,38151,0.00422182,165,155.425,167
2026-07-30T02:49:18Z,8001,1,0,0,0,0.025641,0,238,50426,0.00544075,238,150.043,242
2026-07-30T02:49:18Z,8002,0,0,0,0,0,0,166,38407,0.00426004,166,155.557,168
2026-07-30T02:49:19Z,8001,0,0,0,0,0,0,239,50599,0.00547369,239,150.043,242
2026-07-30T02:49:19Z,8002,0,0,0,0,0,0,166,38407,0.00426004,166,155.557,168
2026-07-30T02:49:21Z,8001,0,0,0,0,0,0,239,50599,0.00547369,239,150.043,242
2026-07-30T02:49:21Z,8002,1,0,0,0,0.0512821,0,166,38420,0.00426004,166,157.868,169
2026-07-30T02:49:25Z,8001,0,0,0,0,0,0,240,50855,0.00551024,240,150.171,243
2026-07-30T02:49:25Z,8002,1,0,0,0,0.025641,0,167,38906,0.00429955,167,158.012,170
2026-07-30T02:49:26Z,8001,0,0,0,0,0,0,240,50855,0.00551024,240,150.171,243
2026-07-30T02:49:26Z,8002,0,0,0,0,0,0,168,38919,0.00433777,168,158.012,170
2026-07-30T02:49:28Z,8001,1,0,0,0,0.0512821,0,240,51030,0.00551024,240,152.45,244
2026-07-30T02:49:28Z,8002,0,0,0,0,0,0,168,38919,0.00433777,168,158.012,170
2026-07-30T02:49:29Z,8001,0,0,0,0,0,0,241,51111,0.00555013,241,152.45,244
2026-07-30T02:49:29Z,8002,1,0,0,0,0.025641,0,168,39167,0.00433777,168,158.15,171
2026-07-30T02:49:31Z,8001,0,0,0,0,0,0,242,51367,0.00556781,242,152.545,245
2026-07-30T02:49:31Z,8002,1,0,0,0,0.025641,0,169,39215,0.00435787,169,158.289,172
2026-07-30T02:49:33Z,8001,1,0,0,0,0.025641,0,242,51474,0.00556781,242,152.672,246
2026-07-30T02:49:33Z,8002,0,0,0,0,0,0,170,39431,0.00439889,170,158.289,172
2026-07-30T02:49:34Z,8001,0,0,0,0,0,0,243,51623,0.00560196,243,152.672,246
2026-07-30T02:49:34Z,8002,0,0,0,0,0,0,170,39431,0.00439889,170,158.289,172
2026-07-30T02:49:36Z,8001,0,0,0,0,0,0,243,51623,0.00560196,243,152.672,246
2026-07-30T02:49:36Z,8002,1,0,0,0,0.0512821,0,170,39503,0.00439889,170,160.577,173
2026-07-30T02:49:37Z,8001,0,0,0,0,0,0,243,51623,0.00560196,243,152.672,246
2026-07-30T02:49:37Z,8002,0,0,0,0,0,0,171,39687,0.00442194,171,160.577,173
2026-07-30T02:49:39Z,8001,1,0,0,0,0.0512821,0,243,51649,0.00560196,243,154.956,247
2026-07-30T02:49:39Z,8002,0,0,0,0,0,0,171,39687,0.00442194,171,160.577,173
2026-07-30T02:49:43Z,8001,0,0,0,0,0,0,245,52135,0.00567829,245,155.101,248
2026-07-30T02:49:43Z,8002,0,0,0,0,0,0,172,39943,0.00446049,172,160.72,174
2026-07-30T02:49:44Z,8001,0,0,0,0,0,0,245,52135,0.00567829,245,155.101,248
2026-07-30T02:49:44Z,8002,0,0,0,0,0,0,173,40199,0.00449591,173,160.861,175
2026-07-30T02:49:46Z,8001,0,0,0,0,0,0,245,52135,0.00567829,245,155.101,248
2026-07-30T02:49:46Z,8002,0,0,0,0,0,0,173,40199,0.00449591,173,160.861,175
2026-07-30T02:49:47Z,8001,1,0,0,0,0.0512821,0,245,52381,0.00567829,245,157.391,249
2026-07-30T02:49:47Z,8002,0,0,0,0,0,0,173,40199,0.00449591,173,160.861,175
2026-07-30T02:49:49Z,8001,1,0,0,0,0.025641,0,246,52427,0.0057234,246,157.536,250
2026-07-30T02:49:49Z,8002,0,0,0,0,0,0,174,40455,0.00453453,174,161.001,176
2026-07-30T02:49:51Z,8001,0,0,0,0,0,0,247,52647,0.00576193,247,157.536,250
2026-07-30T02:49:51Z,8002,1,0,0,0,0.025641,0,174,40575,0.00453453,174,161.173,177
2026-07-30T02:49:52Z,8001,2,0,0,0,0.0769231,0,247,52726,0.00576193,247,161.935,252
2026-07-30T02:49:52Z,8002,2,0,0,0,0.0769231,0,174,40672,0.00453453,174,163.531,178
2026-07-30T02:49:54Z,8001,1,0,0,0,0.025641,0,249,53215,0.00578998,249,162.027,253
2026-07-30T02:49:54Z,8002,2,0,0,0,0.0512821,0,176,41155,0.00458294,176,163.84,180
2026-07-30T02:49:55Z,8001,1,0,0,0,0.025641,0,249,53275,0.00578998,249,162.027,253
2026-07-30T02:49:55Z,8002,0,0,0,0,0,0,178,41479,0.00459132,178,163.84,180
2026-07-30T02:49:57Z,8001,2,0,0,0,0.0769231,0,250,53680,0.0058014,250,164.459,255
2026-07-30T02:49:57Z,8002,2,0,0,0,0.0769231,0,178,41556,0.00459132,178,168.168,182
2026-07-30T02:50:01Z,8001,2,0,0,0,0.0769231,0,252,54244,0.0058095,252,166.865,257
2026-07-30T02:50:01Z,8002,2,0,0,0,0.0512821,0,182,42704,0.00465361,182,169.018,186
2026-07-30T02:50:02Z,8001,2,0,0,0,0.0512821,0,254,54497,0.00581731,254,167.644,259
2026-07-30T02:50:02Z,8002,1,0,0,0,0.025641,0,184,43121,0.00467804,184,169.162,187
2026-07-30T02:50:04Z,8001,0,0,0,0,0,0,256,54951,0.0058297,256,167.644,259
2026-07-30T02:50:04Z,8002,1,0,0,0,0.025641,0,184,43135,0.00467804,184,169.162,187
2026-07-30T02:50:05Z,8001,0,0,0,0,0,0,256,54951,0.0058297,256,167.644,259
2026-07-30T02:50:05Z,8002,2,0,0,0,0.0769231,0,185,43540,0.00469968,185,171.639,189
2026-07-30T02:50:07Z,8001,2,0,0,0,0.0769231,0,256,55264,0.0058297,256,172.236,261
2026-07-30T02:50:07Z,8002,0,0,0,0,0,0,187,43783,0.00470846,187,171.639,189
2026-07-30T02:50:08Z,8001,2,0,0,0,0.0512821,0,258,55728,0.00587466,258,172.594,263
2026-07-30T02:50:08Z,8002,2,0,0,0,0.0769231,0,187,43886,0.00470846,187,175.809,191
2026-07-30T02:50:10Z,8001,0,0,0,0,0,0,260,55975,0.00588995,260,172.594,263
2026-07-30T02:50:10Z,8002,2,0,0,0,0.0512821,0,189,44336,0.00475236,189,176.313,193
2026-07-30T02:50:11Z,8001,0,0,0,0,0,0,260,55975,0.00588995,260,172.594,263
2026-07-30T02:50:11Z,8002,1,0,0,0,0.025641,0,191,44837,0.00477014,191,176.4,194
2026-07-30T02:50:13Z,8001,2,0,0,0,0.0769231,0,260,55976,0.00588995,260,175.615,264
2026-07-30T02:50:13Z,8002,1,0,0,0,0.025641,0,191,44939,0.00477014,191,176.4,194
2026-07-30T02:50:14Z,8001,2,0,0,0,0.102564,0,260,56179,0.00588995,260,180.288,265
2026-07-30T02:50:14Z,8002,1,0,0,0,0.0512821,0,192,45188,0.00477833,192,178.726,195
2026-07-30T02:50:18Z,8001,2,0,0,0,0.0769231,0,262,56488,0.00591455,262,182.619,266
2026-07-30T02:50:18Z,8002,2,0,0,0,0.0512821,0,195,46175,0.00479149,195,179.728,199
2026-07-30T02:50:19Z,8001,2,0,0,0,0.102564,0,262,56549,0.00591455,262,186.605,267
2026-07-30T02:50:19Z,8002,0,0,0,0,0,0,197,46343,0.00479981,197,179.728,199
2026-07-30T02:50:21Z,8001,0,0,0,0,0,0,264,56999,0.0059621,264,186.605,267
2026-07-30T02:50:21Z,8002,2,0,0,0,0.0769231,0,197,46566,0.00479981,197,183.79,201
2026-07-30T02:50:22Z,8001,0,0,0,0,0,0,266,57511,0.00599262,266,187.112,269
2026-07-30T02:50:22Z,8002,1,0,0,0,0.025641,0,199,46978,0.00482271,199,183.939,202
2026-07-30T02:50:24Z,8001,1,0,0,0,0.025641,0,266,57634,0.00599262,266,187.207,270
2026-07-30T02:50:24Z,8002,1,0,0,0,0.025641,0,199,46980,0.00482271,199,183.939,202
2026-07-30T02:50:25Z,8001,2,0,0,0,0.0769231,0,266,57881,0.00599262,266,189.521,271
2026-07-30T02:50:25Z,8002,0,0,0,0,0,0,201,47367,0.00485237,201,186.304,203
2026-07-30T02:50:27Z,8001,2,0,0,0,0.0512821,0,268,58347,0.00600128,268,189.761,273
2026-07-30T02:50:27Z,8002,0,0,0,0,0,0,201,47367,0.00485237,201,186.304,203
2026-07-30T02:50:28Z,8001,0,0,0,0,0,0,270,58535,0.00601314,270,189.761,273
2026-07-30T02:50:28Z,8002,2,0,0,0,0.0769231,0,201,47368,0.00485237,201,189.391,204
2026-07-30T02:50:30Z,8001,2,0,0,0,0.0769231,0,270,58718,0.00601314,270,194.003,275
2026-07-30T02:50:30Z,8002,2,0,0,0,0.102564,0,201,47525,0.00485237,201,193.569,205
2026-07-30T02:50:31Z,8001,2,0,0,0,0.0512821,0,272,59156,0.00604764,272,194.489,277
2026-07-30T02:50:31Z,8002,2,0,0,0,0.0512821,0,203,47964,0.00487372,203,194.081,207
2026-07-30T02:50:35Z,8001,2,0,0,0,0.0769231,0,274,59706,0.00607884,274,196.969,279
2026-07-30T02:50:35Z,8002,2,0,0,0,0.0512821,0,207,49070,0.00493434,207,195.105,211
2026-07-30T02:50:36Z,8001,1,0,0,0,0.025641,0,276,60189,0.0061007,276,197.058,280
2026-07-30T02:50:36Z,8002,2,0,0,0,0.0512821,0,209,49544,0.0049519,209,195.542,213
2026-07-30T02:50:38Z,8001,2,0,0,0,0.0512821,0,277,60668,0.00610482,277,197.328,282
2026-07-30T02:50:38Z,8002,1,0,0,0,0.025641,0,211,49999,0.00499207,211,195.675,214
2026-07-30T02:50:39Z,8001,0,0,0,0,0,0,280,61095,0.0061172,280,197.421,283
2026-07-30T02:50:39Z,8002,1,0,0,0,0.025641,0,211,50043,0.00499207,211,195.675,214
2026-07-30T02:50:41Z,8001,0,0,0,0,0,0,280,61095,0.0061172,280,197.421,283
2026-07-30T02:50:41Z,8002,1,0,0,0,0.0512821,0,212,50416,0.00501097,212,197.99,215
2026-07-30T02:50:42Z,8001,2,0,0,0,0.0769231,0,280,61096,0.0061172,280,199.723,284
2026-07-30T02:50:42Z,8002,0,0,0,0,0,0,213,50439,0.0050152,213,197.99,215
2026-07-30T02:50:44Z,8001,2,0,0,0,0.102564,0,280,61529,0.0061172,280,203.179,285
2026-07-30T02:50:44Z,8002,2,0,0,0,0.0769231,0,213,50826,0.0050152,213,202.384,217
2026-07-30T02:50:46Z,8001,1,0,0,0,0.025641,0,282,61718,0.00614304,282,203.324,286
2026-07-30T02:50:46Z,8002,2,0,0,0,0.0512821,0,215,51288,0.00505666,215,202.9,219
2026-07-30T02:50:47Z,8001,2,0,0,0,0.0769231,0,282,61885,0.00614304,282,205.647,287
2026-07-30T02:50:47Z,8002,1,0,0,0,0.025641,0,217,51589,0.00508513,217,203.038,220
2026-07-30T02:50:49Z,8001,2,0,0,0,0.0512821,0,284,62340,0.00617948,284,205.917,289
2026-07-30T02:50:49Z,8002,2,0,0,0,0.0769231,0,217,51650,0.00508513,217,205.402,221
2026-07-30T02:50:52Z,8001,2,0,0,0,0.0512821,0,288,63437,0.00619643,288,206.475,293
2026-07-30T02:50:52Z,8002,2,0,0,0,0.0769231,0,219,52202,0.00510767,219,209.482,223
2026-07-30T02:50:54Z,8001,2,0,0,0,0.0512821,0,290,63906,0.00620536,290,206.701,295
2026-07-30T02:50:54Z,8002,0,0,0,0,0,0,221,52487,0.00513461,221,209.482,223
2026-07-30T02:50:55Z,8001,2,0,0,0,0.0512821,0,292,64373,0.00621351,292,206.923,297
2026-07-30T02:50:55Z,8002,0,0,0,0,0,0,221,52487,0.00513461,221,209.482,223
2026-07-30T02:50:57Z,8001,0,0,0,0,0,0,294,64679,0.00622195,294,206.923,297
2026-07-30T02:50:57Z,8002,2,0,0,0,0.0769231,0,221,52488,0.00513461,221,211.803,224
2026-07-30T02:50:58Z,8001,2,0,0,0,0.0769231,0,294,64726,0.00622195,294,211.139,299
2026-07-30T02:50:58Z,8002,2,0,0,0,0.102564,0,221,52923,0.00513461,221,215.797,225
2026-07-30T02:51:00Z,8001,1,0,0,0,0.025641,0,296,65204,0.0062626,296,211.292,300
2026-07-30T02:51:00Z,8002,0,0,0,0,0,0,223,52999,0.0051789,223,215.797,225
2026-07-30T02:51:01Z,8001,1,0,0,0,0.025641,0,296,65296,0.0062626,296,211.292,300
2026-07-30T02:51:01Z,8002,2,0,0,0,0.0769231,0,223,53000,0.0051789,223,218.177,226
2026-07-30T02:51:03Z,8001,1,0,0,0,0.0512821,0,297,65607,0.00630295,297,213.598,301
2026-07-30T02:51:03Z,8002,2,0,0,0,0.102564,0,223,53105,0.0051789,223,222.227,227
2026-07-30T02:51:04Z,8001,2,0,0,0,0.0512821,0,298,66072,0.00630728,298,213.878,303
2026-07-30T02:51:04Z,8002,1,0,0,0,0.025641,0,225,53567,0.00520625,225,222.325,228
2026-07-30T02:51:06Z,8001,0,0,0,0,0,0,300,66215,0.00631566,300,213.878,303
2026-07-30T02:51:06Z,8002,1,0,0,0,0.025641,0,225,53640,0.00520625,225,222.325,228
2026-07-30T02:51:09Z,8001,2,0,0,0,0.102564,0,300,66535,0.00631566,300,219.734,305
2026-07-30T02:51:09Z,8002,2,0,0,0,0.0512821,0,228,54603,0.00523386,228,225.113,232
2026-07-30T02:51:11Z,8001,0,0,0,0,0,0,302,66727,0.00634632,302,219.734,305
2026-07-30T02:51:11Z,8002,1,0,0,0,0.025641,0,230,55038,0.00524235,230,225.246,233
2026-07-30T02:51:12Z,8001,2,0,0,0,0.0769231,0,302,66728,0.00634632,302,222.078,306
2026-07-30T02:51:12Z,8002,0,0,0,0,0,0,231,55047,0.00524683,231,225.246,233
2026-07-30T02:51:14Z,8001,2,0,0,0,0.102564,0,302,66729,0.00634632,302,222.078,306
2026-07-30T02:51:14Z,8002,2,0,0,0,0.0769231,0,231,55440,0.00524683,231,229.533,235
2026-07-30T02:51:15Z,8001,2,0,0,0,0.102564,0,302,67221,0.00634632,302,226.088,307
2026-07-30T02:51:15Z,8002,2,0,0,0,0.0512821,0,233,55922,0.00527432,233,229.86,237
2026-07-30T02:51:17Z,8001,2,0,0,0,0.0512821,0,304,67690,0.0063722,304,226.572,309
2026-07-30T02:51:17Z,8002,2,0,0,0,0.0512821,0,235,56426,0.00528949,235,230.208,239
2026-07-30T02:51:18Z,8001,1,0,0,0,0.025641,0,306,67864,0.00642025,306,226.708,310
2026-07-30T02:51:18Z,8002,1,0,0,0,0.025641,0,237,56718,0.00530019,237,230.293,240
2026-07-30T02:51:20Z,8001,2,0,0,0,0.0769231,0,306,68015,0.00642025,306,229.026,311
2026-07-30T02:51:20Z,8002,2,0,0,0,0.0769231,0,237,56769,0.00530019,237,232.647,241
